{
    "$schema": "https://schema.management.azure.com/schemas/2015-01-01/deploymentParameters.json#",
    "contentVersion": "1.0.0.0",
    "parameters": {
        "sites_uda3func_name": {
            "value": null
        },
        "serverfarms_ASP_uda3func_be1c_name": {
            "value": null
        },
        "components_uda3func_insight_name": {
            "value": null
        },
        "storageAccounts_uda3func8c72_name": {
            "value": null
        },
        "actionGroups_Application_Insights_Smart_Detection_name": {
            "value": null
        },
        "smartdetectoralertrules_failure_anomalies___uda3func_insight_name": {
            "value": null
        },
        "workspaces_DefaultWorkspace_43f34d48_f97e_4fb4_9d71_f7ca86c7c536_SEA_externalid": {
            "value": null
        }
    }
}