{
    "$schema": "https://schema.management.azure.com/schemas/2015-01-01/deploymentParameters.json#",
    "contentVersion": "1.0.0.0",
    "parameters": {
        "sites_techconftoan_name": {
            "value": null
        },
        "serverfarms_ASP_uda3rg_8c96_name": {
            "value": null
        },
        "namespaces_techconfsb_name": {
            "value": null
        },
        "storageAccounts_uda3storage_name": {
            "value": null
        },
        "flexibleServers_uda3server_name": {
            "value": null
        }
    }
}